Damtetoth,Marwunax
Tachenkec,Ghequll
Crirdindaardad,Wrazire
Thastunic,Gorabarum
Ephekmosh,Lumiroth
Femphanshtoth,Trouqull
Crimrinos,Caluythas
Crarnajaraad,Gredorim
Aaldrakish,Udograx
Crildrukmeamaal,Shaythas
Crupid,Narturim
Yuurduush,Jarjhan
Prepodeash,Hiturim
Myaldrujiadik,Pricrath
Myelrer,Ravodhall
Climperamek,Zormorn
Dornik,Otisashi
Claalraal,Qelzire
Thiltejemeth,Alibroth
Kraastakmir,Rhoxiros
Cumticuundeash,Udojurn
Prelmonshtinith,Udokul
Ginkadenosh,Kilzire
Shiammishkmedek,Balqull
Myerthunal,Nesythas
Craldonthir,Zratrin
Nyammixemal,Jinturim
Fomphethanduun,Urofarn
Nankek,Tazvroth
Marthekmeardish,Eravull
Tiphith,Gredorim
Earjecmurdal,Otibor
Nyalkandred,Marbroth
Krelxeth,Wudaar
Gembis,Orladaar
Cithtijarrin,Brenrinn
Duuphunos,Helin
Shiltacerger,Lumixan
Kiacendinuur,Kilcrath
Vorthiaraled,Neswarum
Goccas,Calusashi
Eldrish,Shaprax
Noltixamak,Ghesashi
Klaaldanthis,Grekul
Myicokejil,Lumimash
Nolthean,Jinjhan
Thithtad,Barash
Exeshtec,Wradorim
Cankotur,Jinzire
Nyeankaacmaarrir,Yoryax
Tealdred,Hezire
Ulrud,Iorprax
Shuxek,Krivzavur
Lestadejis,Kilbroth
Kemmath,Marbarum
Nyastaaxirgor,Mardaar
Vithtad,Xarzavur
Ustuur,Iorroth
Encuuk,Uroroth
Fithtileardod,Neslin
Imricnandol,Wrahadur
Nerjoth,Jarvroth
Klestecnaadec,Gorakul
Pramrutundis,Wulwarum
Alreacuder,Gherinn
Gulmustec,Uroyax
Aalxocak,Ravomash
Lempicaallid,Erajhan
Shuxosh,Udokax
Yiphishkmarud,Zorqull
Krualkejuurun,Greythas
Tanxuujesh,Durziros
Shiankuk,Vrakxiros
Daancuujomod,Helin
Prurdud,Uroqiroth
Prempialen,Wralasar
Dilrashkmosh,Belmorn
Cilmendad,Balcrath
Gerik,Morhadur
Tankoruth,Vrakmorn
Clammash,Krivqiroth
Narrhajak,Trouqull
Thuustiladic,Otijhan
Malkuathedan,Orlajurn
Yelthad,Lordhall
Kleldraajendok,Bhaciar
Drummuud,Panaar
Clecinthal,Prijhan
Prulxenshtidan,Xarbor
Altocnuundic,Xarwarum
Myumphith,Zradhall
Clirjuan,Belvull
Drarrhed,Hegrax
Klamphuan,Iorjurn
Yelthasteadik,Alirinn
Yerthid,Narxiros
Ophol,Durvroth
Kalthesen,Torakas
Yearedargak,Brenqiroth
Myurjikmuran,Hetrin
Fiamphad,Drysxora
Crolthed,Faecoria
Tuupitedek,Ophiyassa
Tephud,Cristhyra
Klaldeth,Drysthyra
Cambendaal,Zofsira
Cluldristillir,Nariel
Krolxil,Yrqorel
Krilxok,Harinn
Kruuncelak,Olyassa
Thomtuastosh,Nesxora
Lethtec,Grisaadi
Mephac,Nalarys
Alreashtardal,Thapatys
Pruachishkmoth,Hagwen
Exen,Crisriel
Yildrosec,Nysfaeth
Mechac,Guryries
Meldustaadeash,Nesfyire
Kilmuth,Darann
Dimbek,Gridrish
Shuncashturroth,Joliann
Nyephac,Koqwen
Durith,Rashivayla
Prualruashter,Vyradrish
Gilrec,Xissaadi
Yuurdistidan,Gurdalynn
Dearneterdic,Kelwophyl
Yealdresh,Vyrabis
Thempes,Ovayla
Taldeken,Kelpora
Clinxinid,Bellarys
Pralkuucemish,Xiscys
Minkeshkmic,Zofkira
Ipesoc,Grivyre
Uancuushtik,Orikaryn
Tordicnir,Thaxora
Galdith,Faedrith
Ernec,Welsithyra
Enkesialin,Jesvayla
Drolthel,Onorae
Clampixud,Maldrith
Darnal,Perqwen
Dremphotik,Migwen
Guuphar,Qisira
Nyildrunshtedul,Eshkira
Ticcanthith,Urivayla
Nyuamteciath,Vyrafyire
Ested,Dabirith
Yachon,Bigissa
Ianxicnac,Vyrarish
Irjecnilak,Erliqorel
Ualderath,Xythibra
Myorrhuuxik,Urishann
Shothtuan,Sumeila
Thamphexaaliad,Quilhime
Prirthun,Uridrith
Orthoc,Fengil
Conxin,Erligwen
Merak,Lorawophyl
Sheston,Nesbis
Ophiderguc,Fenwophyl
Preccashteril,Ushiliann
Cluammonead,Crislyassa
Proltish,Ophirina
Thilxeth,Zofdrith
Drembocnaarduc,Kelpora
Ichendik,Qikira
Themphir,Mixora
Fustukmul,Crisvayla
Ithtaacis,Qibirith
Krirenderdath,Kohime
Ilkenthel,Therkira
Fexosun,Erligil
Veltituk,Jesxiris
Olxad,Thercoria
Athtus,Ayries
Enkis,Perdalynn
Klamphuacarduush,Fenbirith
Muccoshtul,Phipatys
Dianxestuth,Bilarys
Therjastok,Erlidalynn
Clompid,Nyswophyl
Myordith,Lilomeila
Ealtecak,Kelrann
Ialdrun,Crisbis
Drepek,Origil
Cruulmer,Valfaeth
Gamroth,Fenriel
Tammaatergid,Irielyassa
Kluchuud,Nesthibra
Tordedin,Hinbith
Clecciacarraash,Jonys
Krolmuunthol,Ushikaryn
Toncashten,Lilokira
Shilmecmith,Kelrina
Crencok,Lilopatys
Thombis,Rashiyries
Olrar,Keldrith
Myepath,Ushivyre
Pedriner,Druvi
Bykivur,Pavibon
Pogwilin,Dihenme
Eiladant,Zesum
Olwim,Hurvalmi
Anwaim,Brizolrun
Maivrimil,Nenmul
Bugron,Bunmonmol
Voggeiman,Hevyl
Bugron,Apikmor
Cokrim,Kregrunmin
Zarelon,Tongur
Nylgidum,Onkonge
Aulir,Durgolru
Zarlin,Dromolga
Norwent,Ryllerwam
Uggiel,Saza
Crerritel,Molgil
Valdant,Besollel
Cokrim,Silgyl
Yvrant,Helwi
Wildam,Durgolru
Arnevont,Vanmakel
Verwoman,Verve
Yrletiel,Varomran
Pogwilin,Ipokmon
Merwen,Ollam
Veilgener,Padargi
Eakeel,Kuhepror
Hevaneint,Zunmyvon
Migger,Nokyn
Peanweitint,Zipugrom
Zarlin,Onkonge
Rurlant,Silrun
Erwem,Sumruru
Ceagetiem,Welolme
Zairetient,Ylwu
Neilron,Vanmakel
Bugror,Lolmokror
Regim,Zulral
Nagatar,Brizolrun
Crilaivien,Eran
Urlair,Kripraza
Mirnavian,Dromolga
Cruvrar,Brohin
Ylweelun,Sulgarwil
Ceagwil,Pelgamlin
Lylwel,Zulral
Muldil,Orworwi
Burin,Zinohyn
Ziwint,Silgyl
Ekamar,Lylganmo
Idianil,Hynvegre
Brunrin,Ulgyr
Teakremen,Brivukem
Brilivant,Bevan
Naldeir,Dolrile
Penwal,Brorgi
Bykivur,Higrur
Ragotient,Elwaldru
Unwil,Ylen
Ogal,Wivin
Rygwitir,Zamrum
Urint,Brerwy
Pyklant,Rorapel
Nyvar,Unkel
Laikladaint,Silrun
Unwil,Ugyl
Toggivon,Nilsul
Laikladaint,Balmadom
Pyrleint,Brozyla
Peidrar,Bunvem
Rygwitir,Silgyl
Hauvom,Holly
Noveel,Todinke
Warrian,Engalgem
Arliel,Zidar
Rarnin,Drunum
Ylweelun,Robylrol
Yder,Rakuzal
Adratal,Drelsar
Erwem,Bylir
Yrlant,Vopol
Urlair,Ukmo
Rurlant,Tikmi
Muldil,Molgil
Aulom,Beki
Pedriner,Ranka
Aulom,Maprikin
Ultil,Kuhepror
Merwen,Brozyla
Brolwiedint,Ylen
Penwal,Bromillal
Unwil,Krara
Pyrleint,Wybo
Arwun,Mobal
Olwim,Ilon
Laikladaint,Renkymlu
Lyrlar,Pyldrir
Brunrin,Malsir
Amar,Beki
Thorkoh,Pakmom
Thondri,Lylganmo
Indrel,Hukren
Wanveara,Kryderwin
Daloma,Sulgarwil
Nonvi,Rulrelil
Indran,Hogoser
Damma,Wegan
Zioldre,Hynvegre
Lavemal,Sulwilon
Iose,Rovirvam
Omne,Mylmyrwir
Mesia,Balmadom
Oslearoe,Borva
Reslani,Ykimra
Iamo,Uzunvin
Ilo,Sonmekrom
Drese,Drumon
Miandrisoe,Vanmakel
Amma,Drazylwyn
Thaniaza,Pavibon
Indran,Opulum
Rialdrieh,Bipra
Thorema,Dronvy
Thenri,Pykmel
Waden,Brupryn
Phose,Sopre
Amma,Drazylwyn
Ionra,Nilsul
Thaniaza,Kikmur
Valar,Bipra
Noven,Ingukmy
Dasle,Brakrol
Rialdrieh,Drolgoman
Dirso,Beki
Ilvasa,Kelgamur
Lavemal,Rirwime
Osran,Dihenme
Pheorsa,Sonmekrom
Rhommomih,Bruki
Hinvizi,Bemle
Nandrazoer,Bruki
Dirso,Kilro
Ovol,Brozyla
Namnesa,Brerwy
Miandrisoe,Wezur
Raliesa,Drelsar
Lavemal,Brimrengi
Waden,Moprir
Mesia,Brokrul
Raliesa,Pelgamlin
Iolde,Hildrur
Lanvelau,Panmo
Halvemi,Zamrum
Wasro,Omoprur
Rhaltelir,Wokmin
Wasliri,Zipugrom
Ila,Krolokru
Brialva,Sumruru
Deordi,Nydape
Ordie,Urum
Lanvelau,Azudol
Ilo,Ilon
Halvemi,Zemymur
Arsoze,Ylen
Ilo,Hipu
Dasle,Lergum
Volteren,Odeker
Mealdraroe,Dolrile
Lanvelau,Brozyla
Anera,Padargi
Onmame,Zulral
Nindri,Kykrol
Drirkani,Zisyhy
Diviasi,Lidigron
Pheorsa,Nilsul
Rialdrieh,Ilyl
Ose,Olgir
Niollir,Vopol
Dreommeama,Brorgi
Mealdraroe,Orworwi
Nionmezi,Popram
Hionveam,Kulgun
Anmo,Unmyn
Indrel,Elsen
Pheorsa,Ugyl
Ilvene,Mipongir
Thandriah,Hulwarvam
Iose,Besollel
Eodo,Havol
Brosrim,Hildrur
Enma,Sulgarwil
Rhidol,Kika
Inva,Luson
Amma,Vanmakel
Eammimou,Apikmor
Zadaler,Kikmur
Zorkean,Pinallum
Thisle,Vegry
Karnon,Bedrich
Aranxes,Iscitan
Ralrus,Benvolio
Thymeros,Tavon
Comfort,Ritter
Quest,Falck
Malelech,Moonridge
Life,Vrye
Carrion,Trelenus
Rolthus,Celik
Torment,Gandt
Aetthos,Hackshield
Rolrut,Lanik
Possession,Ningyan
Nephadius,Meluzan
Kyakos,Alard
Zarxikas,Graylock
Arkxik,Fallenbridge
Rolrakas,Carnavon
Guenon,Wintermere
Rerakir,Blackstrand
Armarir,Stormchapel
Shamong,Deepmiddens
Ekichar,Rockharvest
Andxikas,Mouggi
Enduring,Cerma
Courage,Talfen
Valshoon,Thom
Koszer,Tamond
Sharis,Coldshore
Rolthus,Celik
Skaadius,Gul
Roldos,Muhtar
Amnon,Gomec
Ozadius,Silvertarn
Themeros,Paradas
Morrut,Vavrus
Weary,Biljon
Kyakos,Alard
Andmenos,Dian
Kilxus,Shaulfer
Barxus,Roxley
Carrion,Trelenus
Kyrias,Raeburn
Joy,Sahin
Erchar,Ambershard
Panic,Milos
Mexik,Wendell
Urxus,Girgis
Aranrai,Carnago
Comfort,Ritter
Malecius,Adler
Open,Helmut
Mastery,Vanan
Casrakir,Paradas
Trickery,Regdar
Urxire,Brandis
Salchar,Ereghast
Laughter,Revenmar
Mormus,Dian
Amxikas,Sedlak
Nephadius,Meluzan
Zarrakir,Dirke
Archar,Alwyn
Dread,Nilus
Arkxik,Fallenbridge
Rolrakas,Carnavon
Kyrias,Raeburn
Karxikas,Aksu
Erchar,Ambershard
Pure,Leyten
Mexik,Wendell
Kaixire,Janda
Nephadius,Meluzan
Ekmus,Sarzan
Arxes,Redraven
Expressive,Targana
Iail,Taran
Urlius,Pieter
Aetxes,Donoghan
Expertise,Zarkanan
Casrai,Skandalor
Malthos,Krynt
Kilreus,Samm
Morrut,Vavrus
Gloom,Massri
Weary,Biljon
Aranxes,Iscitan
Adventure,Anlow
Merut,Alaric
Gumos,Hayward
Armarir,Stormchapel
Aranrus,Coyle
Skaadius,Gul
Sorrow,Helmut
Expert,Semil
Misery,Novak
Rolthos,Milos
Lokeira,Semil
Dharrut,Nerle
Master,Hindergrass
Maxori,Shattermast
Lilnarei,Arkalis
Truth,Daargen
Adventure,Gallus
Gladness,Voortham
Piety,Dalkon
Kalmine,Ritter
Marlypsis,Hamlin
Salypsis,Arkalis
Dicria,Oakenheart
Velfaris,Pyncion
Master,Hindergrass
Zailoth,Hyden
Ripione,Stavenger
Navine,Faringray
Adventure,Gallus
Dihala,Alain
Dordani,Leerstrom
Cregrea,Lynchfield
Ronirith,Donoghan
Velfaris,Pyncion
Rare,Namen
Yavari,Raeburn
Belphi,Danamark
Ideal,Varcona
Yoracyra,Vrye
Huntress,Alaric
Desire,Falken
Levtari,Lamoth
Reverence,Cresthill
Manta,Varcona
Pesza,Zatchet
Belhala,Trelenus
Velfaris,Pyncion
Nethwala,Tamond
Content,Fletcher
Riki,Talfen
Cunning,Benvolio
Marzes,Ningyan
Dimpunith,Helmut
Aniwure,Samm
Salypsis,Arkalis
Manta,Varcona
Nowhere,Lavant
Pesza,Zatchet
Termina,Trelenus
Amar,Faringray
Maxori,Shattermast
Awe,Kreel
Trouble,Iscalon
Truth,Daargen
Dorkaria,Paradas
Natlypsis,Nerle
Belpione,Menetrian
Aftish,Caskajaro
Pesmine,Bram
Termina,Trelenus
Iniza,Welfer
Kalmaia,Aksu
Zefirith,Oakenheart
Exceptional,Dungarth
Afvari,Shaulfer
Piety,Dalkon
Achievement,Griswold
Ariagoria,Iscitan
Zanirith,Szereban
Marqine,Cuttlescar
Belhala,Trelenus
Malaia,Wygarthe
Zaihala,Mikal
Iniwala,Kaplan
Hissolis,Ambert
Dispira,Leerstrom
Oriuphis,Trelenus
Natlypsis,Nerle
Ariagoria,Iscitan
Marlypsis,Hamlin
Hope,Fletcher
Belhala,Trelenus
Yoralia,Wendell
Dadoris,Dungarth
Amar,Faringray
Aid,Kirca
Belloth,Gallus
Yoratish,Wintermere
Trouble,Iscalon
Shapione,Anlow
Misspira,Madian
Peszes,Tamond
Insolis,Ahren
Digrea,Dedric
Inhala,Mikal
Hope,Fletcher
Yahala,Caskajaro
Aid,Kirca
Hissolis,Ambert
Yalies,Szereban
Zenise,Gullscream
Shapione,Anlow
Chrec,Kragbender
Skic,Moltenclaw
Drus,Coalstrike
Brusz,Dimwound
Shrokkud,Kragsurge
Knuggung,Roughfinger
Gozzud,Mukdrifter
Gurud,Crowborn
Krignisz,Starstride
Straukziad,Bloodhide
Zrurk,Pebblechew
Knox,Barbedcut
Kaark,Greylash
Treg,Lonestalker
Qabbisz,Rapidbrace
Ereed,Orbfeet
Qibeed,Bonedigger
Bimkos,Bronzearm
Qhingoc,Coldhead
Ekror,Redmail
Chrink,Redcrest
Szic,Simpleborn
Khing,Leatherhammer
Vad,Keeneyes
Kneddeg,Bronzebone
Kudik,Sharphide
Crirkrink,Spiderchew
Qrukgresk,Farfist
Szotrik,Boulderbuckle
Clukdrond,Fullguard
Shrein,Bloodhorn
Shaung,Windbrand
Treed,Coldbelly
Snank,Emberthorn
Veboc,Windcrest
Chrikdrak,Pebblefoot
Khizdesk,Dusttongue
Gingriang,Graydelver
Ikdring,Forelash
Ghrigar,Windcrag
Stred,Palefeet
Skerg,Nethergazer
Stren,Windcoat
Zrask,Mountainarm
Kebun,Wildblood
Qreirud,Gorefeather
Knaardog,Kragbow
Bunging,Graysnarl
Snumderc,Ironstride
Shrirzeg,Morningchewer
Cruk,Foolbrow
Dris,Mudstride
Grisz,Leatherbranch
Drung,Fogbasher
Skogex,Starstrike
Gibbec,Cragbane
Bekdrus,Coalchest
Qeegon,Coalcrag
Crigrung,Sharpeye
Kogun,Cragrage
Bruk,Stonetongue
Xur,Covengut
Dac,Silentmaw
Skek,Netherfinger
Zremgeig,Strongseeker
Qiamgric,Barbedborn
Szidruk,Flaskbane
Chendruc,Rainflare
Skognes,Wildcoat
Skirred,Crowbelt
Xirk,Bonecleaver
Kred,Skullfoot
Verk,Bittercoat
Zreic,Broaddust
Kherron,Shatterfall
Vagdrirg,Windgrip
Urkic,Fogbash
Skariark,Crowcrag
Xaazzerg,Stonebender
Skeergond,Grassbranch
Qung,Gorecoat
Clak,Reddigger
Xir,Paledigger
Ched,Orbbuckle
Kramdang,Rivermark
Ordarg,Ironhide
Trugrasz,Heavybreath
Kalgosk,Stonecoat
Qrirkrang,Redclaw
Snidid,Clawsplinter
Gid,Moltenbluff
Streeng,Keencleaver
Crirg,Dimhunter
Kud,Skullfist
Crukzreg,Stormsplinter
Xidged,Brownsnarl
Edruc,Foglash
Ignank,Roughbranch
Xiamkok,Moltenflare
Khemqonk,Forehead
Zrihl,Nethermaw
Bhreehn,Darkfeet
Chruy,Nightgaze
Slah,Flaskjaw
Khrugehl,Cliffbreath
Deaglea,Largebuster
Kiken,Coalsurge
Abu,Pinegrog
Zearreah,Commonhammer
Vraggu,Grimethorn
Khnehl,Cragchew
Tahs,Lonemail
Gahs,Crowspine
Thraahs,Grumblemark
Klumdje,Broadbrace
Imson,Graycrest
Knansha,Oatbrow
Kalgeh,Fernstride
Teki,Nethermaul
Slinsha,Netherdigger
Szehl,Brownchin
Vray,Clawrunner
Klong,Barbedbash
Streel,Horndust
Chezzis,Fullmark
Khrathri,Dustash
Iggihl,Pinedust
Ozsrihs,Silenthide
Strikken,Platebrow
Thargi,Foolspine
Ghahl,Rainscar
Shiy,Simpledrifter
Khruz,Heavybelly
Gahl,Stoutmail
Ghregi,Riverflare
Gheimsza,Darkgrog
Zrinszis,Sharpbone
Chreige,Brickbone
Thrilble,Morningfang
Cheagri,Coalbringer
Thray,Foolborn
Dehs,Skullbender
Vihn,Kragflare
Clez,Brewstride
Thrubo,Leadpunch
Cyuri,Tuskgaze
Shtira,Dimchest
Klizza,Tusksnarl
Khrenga,Crowsnarl
Khnaggi,Barbmane
Khez,Coldbane
Shis,Tuskcut
Shrahl,Fogbasher
Zhang,Coldchewer
Dhezzang,Kragstride
Clilgre,Pinefeet
Scekshai,Fernbasher
Ghatte,Forebreath
Eednei,Stonestride
Khimchoh,Cragcrusher
Shtaih,Shatterfeather
Bhraihn,Leadcrest
Tahl,Greychin
Kheehl,Skulljaw
Kudnaahs,Gorebrace
Chrurga,Hardrunner
Klatszuhn,Kragarm
Cyamkha,Hornbelt
Bakne,Greysnout
Daaruh,Foolflaw
Tun,Riverseeker
Shnihs,Leadflare
Zuy,Foolgrip
Ghez,Graywound
Tebe,Ashcut
Veizdi,Brownblower
Dhamglu,Bittertongue
Vrega,Riverfoot
Ghrizso,Steelchest
Szunszeis,Greybash
Bis,Stonestalker
Bihl,Grumblemaster
Tuhl,Heavybough
Veh,Coalfang
Shilve,Leadfeet
Dedde,Grasshead
Vrerkha,Embercleaver
Snagna,Emberbane
Athreng,Rockbuckle
Shnaggnaal,Brownborn
Dhahs,Bittereye
Slehn,Brickdigger
Ghel,Grumblesplinter
Zes,Stormgrog
Bibba,Simpleflare
Szuzza,Tuskflare
Dhorchoy,Fernbluff
Bhozde,Orbchest
Dheebaiy,Stonebrand
Khnaidai,Pinesplinter
Gurayin,Saeed
Fekkus,Sham
Baloua,Farah
Meri,Dib
Amjoune,Bilal
Merad,Nasser
Isliten,Malak
Mekra,Kanan
Idir,Majeed
Ider,Rahim
Mezgeld,Rahim
Kawsen,Mansouri
Ferouane,Nagi
Jeggi,Zaher
Anqa,Rais
Dabar,Shehadeh
Bahasz,Bangura
Kaouar,Dallal
Menad,Mahdavi
Azur,Masood
Barugsen,Hussain
Megar,Sami
Mathu,Lodi
Ingras,Nassif
Amghar,Basha
Mawes,Demian
Bizar,Dawood
Balilek,Khalifa
Mazifa,Darwish
Cucunq,Abbasi
Jeta,Pirani
Adiusit,Reza
Yensal,Sylla
Miknasa,Javed
Bellou,Halaby
Aktula,Habeeb
Izri,Soltani
Afsane,Malek
Madjer,Abdullah
Misunia,Ahmadi
Ferkal,Qadir
Isiguar,Sader
Imsen,Eid
Amyaz,Shehata
Mazer,Toure
Yizdig,Haq
Isula,Latif
Isu,Bagheri
Afer,Harroun
Asafar,Hamad
Afra,Shahan
Badis,Salim
BakeBu,Ghattas
Irsas,Faris
Fekkus,Doud
Adherbal,Zaki
Tariq,Khawaja
Imlul,Matar
Maydul,Basa
Ferkus,Rashid
Bayu,Jabara
Balidir,Nasser
Ioues,Rashid
Mengelet,Jabour
Madin,Bacchus
Izri,Saber
Amestida,Basha
Ibzatha,Sarwar
Hemmu,Yamin
Barour,Ismael
Arsan,Shehata
Bocchus,Mian
Aghali,Salame
Amen,Kassem
Melal,Shaban
Mastias,Azad
Islasen,Ben
Amyaz,Ebrahimi
Baha,Daoud
Usaden,Kazmi
Ighlaf,Soltani
Asulil,Tahir
Ammuc,Wahba
Bazzi,Gad
Yunes,Rahmani
Yaktin,Halim
Yula,Beydoun
Afud,Fahmy
Aytarel,Zia
Anazir,Waheed
Irris,Abbas
Imsugar,Omar
Madidu,Tahir
Yidthir,Halaby
Amazzal,Aly
Igan,Bahri
Anir,Suleiman
Mizri,Sader
Azregh,Kamal
Ilisen,Omer
Ittuba,Hariri
Zamra,Zahra
Metuza,Baddour
Tinyur,Baksh
Ghnima,Shafi
Tfoulla,Mohamed
Cucana,Abdou
Hedda,Masih
Geldasen,Kazi
Tinyour,Mostafa
Izelta,Tabatabai
Timya,Arafat
Tinzert,Shaheen
Tufitri,Jabbour
Thinzerth,Salim
Therna,Rassi
Muli,Zahra
Mellula,Jamil
Tamrut,Fahmy
Myriam,Bagheri
Awina,Mahmoud
Menna,Wahab
Tata,Shaikh
Numa,Nour
Taninna,Soliman
Tistina,Mowad
Thaladza,Agha
Kisa,Hassan
Taljat,Khalaf
Grisha,Saah
Tafenda,Hassen
Tinwurgh,Lodi
Hallu,Muhammad
Tamimt,Mowad
Lundja,Azam
Maria,Shaikh
Unifa,Othman
Thiziri,Nazir
Tizdig,Selim
Bergar,Rashed
Tazdayt,Latif
Toudert,Minhas
Siniman,Tariq
Mimouna,Ahmed
Bamu,Harroun
Triya,Kanan
Tintfsut,Kazemi
Tala,Rasul
Tisila,Mahmoud
Tislit,Hussain
Menna,Abdulla
Tahouska,Mansoor
Thisisn,Baluch
Tililwa,Abed
Zineb,Rehman
Taminda,Nazir
Gaya,Irani
Tunca,Moradi
Taknarit,Badie
Hibba,Saeed
Zefra,Fahmy
MuniMunia,Habibi
Lundja,Yassin
Tanilla,Nasrallah
Thinezwa,Rahmani
Ghella,Sultana
Ilma,Shaban
Ouna,Rahaman
Onesa,Abdul
Nunja,Akbar
Tfoulla,Salman
Tasekkurt,Harron
Touda,Qadir
Tililwa,Rais
Tuftafukt,Yasin
Dhoha,Akbari
Telgoumas,Abdallah
Wiza,Abu
Cicma,Imam
Tagafayt,Farid
Thafat,Rizk
Taouri,Saab
Zunagha,Vohra
Sula,Hoque
Taknarit,Rashid
Batti,Rassi
MuniMunia,Mansour
Tacelvat,Amen
Taqnart,Sulaiman
Thafrara,Srour
Tinezwa,Ahmadi
Dassa,Laham
Taferrujt,Jamal
Tamsoult,Khalaf
Tihusay,Mitri
Ifsan,Shahidi
Tamayourt,Radwan
Silya,Eid
Tanazart,Saber
Wiza,Jabbour
Arkhal,Kalukithino
Taumak,Ogolanathi
Tarathi,Anakalukane
Kavathag,Ugunatake
Keomahk,Nugalukena
Keovoi,Kalukelo
Naumahk,Vaimei-Lamune
Vokon,Ganu-Migo
Taralath,Ogoleaku
Kazakhal,Kulumakane
Kanamul,Anakalithino
Lauvek,Vaimei-Latho
Apalig,Uthenu-Kathai
Neovith,Veomatho
Virath,Munakekali
Aparin,Muthalupine
Thovhal,Thenalamino
Maumul,Athunithino
Kazarein,Gathakiano
Geamak,Egumavi
Kananath,Malukithino
Neothi,Kalagukate
Nauphak,Veomatake
Laghan,Nugalanathi
Kazagith,Geanavone
Gauvith,Vuma-Thithino
Apakein,Ovethelo
Vinihl,Agu-Ulukena
Neolig,Kalagupine
Apadhan,Elanakanu
Lorokan,Apuna-Mageane
Magath,Kulumukane
Khukan,Ovethutha
Maragan,Veomathai
Tarakan,Egumekali
Iligan,Muthalugoni
Thaziath,Katho-Oligone
Korarok,Munakuthea
Meathok,Katho-Olakanu
Mararin,Elanelo
Lorolath,Malukukate
Keorian,Kolae-Gaga
Gravhal,Veomutha
Laugan,Ogolavi
Kravhik,Muthalekali
Thoriak,Kalagigano
Pagath,Thenaligo
Ardak,Agu-Ulaga
Meamith,Gathakigane
Vavith,Vaimei-Lamune
Vaugan,Gathakekali
Iravhik,Vuma-Thiago
Augvith,Inuliaga
Vaumahl,Nulakugoni
Taukhal,Kalukukate
Korarian,Malukiaga
Vovek,Lakumaga
Ergzak,Nalakakane
Nazak,Thenaligane
Ilagak,Nalakigane
Gralig,Kolakulane
Nauvek,Kulanolake
Lorovhik,Apuna-Miano
Manihl,Thenalukena
Thavarein,Kalagakanu
Krathak,Ugunugate
Eagnak,Egumukena
Aurriak,Katho-Oligane
Palok,Thunukigo
Laugun,Kalagatake
Ilamul,Agu-Vugate
Laukan,Thenalukena
Thagath,Inulavone
Augkon,Agu-Vigone
Maragan,Uthenu-Kolake
Thomul,Ogolakume
Aurmahg,Vuma-Thukate
Meaglath,Elanigano
Gamak,Nulakithino
Thakon,Ogolulane
Loroman,Ganu-Maga
Ergthi,Kulaniano
Lagun,Nalakiago
Taulath,Lakumekali
Marok,Ovethekali
Maragith,Kulumaga
Kradhan,Vuma-Thekali
Lorogath,Kalukakume
Taugith,Valu-Nathala
Zaugith,Nulakukate
Kavarin,Muthalekali
Eagmul,Egena-Vakume
Kralig,Kolae-Gatake
Arrein,Kolae-Gathala
Lanoth,Agu-Ulukane
Keogith,Elanuthea
Pumul,Athuniano
Movoi,Munakakanu
Kavavek,Agu-Vanathi
Agrad,Egumigo
Dauria,Nugalakanu
Kakha,Katho-Oliaga
Lathio,Agu-Ulekali
Arenu,Ogolavi
Anepeu,Agu-Ulekali
Geggeo,Agu-Vatake
Nopu,Lakumiago
Kima,Kolae-Gavi
Agevu,Katho-Oligone
Naunea,Elanavea
Pethia,Valu-Nageane
Areneo,Kolakavi
Oripeo,Veomatho
Kuorheo,Egena-Viaga
Voria,Kolakigo
Kauri,Thenaligano
Gelvu,Nalakigone
Agepeu,Geanutha
Mauvea,Muthalathai
Parrea,Kalukatho
Kuopeu,Muthalugoni
Mevi,Vaimei-Lugate
Agevu,Nulakugoni
Pathia,Geaneaku
Naumeo,Valu-Nupine
Methi,Ogoleaku
Maunu,Ganu-Mulane
Paumi,Nulakakane
Ilanna,Nalakiago
Ageri,Uguneaku
Perea,Nola-Kukena
Vulai,Vaimei-Lileana
Paula,Thenaliaga
Lorrea,Kolae-Githino
Nithu,Vuma-Thathala
Maagea,Vuma-Thiago
Onemia,Katho-Oligone
Vaaki,Vunakithino
Larheo,Geanutha
Kekia,Athuniano
Narea,Ovethelo
Daathio,Anakalathai
Gaki,Thenalakane
Geghu,Kalukiaga
Thaukeo,Ogolanathi
Agekio,Anakalithino
Nirra,Nalakatake
Arene,Lakumugoni
Daalu,Kalukelo
Vothu,Kalagithino
Ilalai,Ovethiaga
Zopeo,Anakaligano
Pevea,Nola-Kithino
Laumeo,Gathakalathi
Inanu,Nulakugoni
Inagu,Nugalolake
Thaunia,Nugalanathi
Lothi,Lakumageane
Maakko,Nalakavea
Laria,Egena-Vigala
Arethe,Muthalamino
Gama,Kolae-Gigane
Paanu,Kalageaku
Kiki,Kalagatake
Aregu,Vaimei-Lalathi
Lauvi,Ogolaga
Nothu,Geanutha
Launi,Veomulane
Onegu,Ogolileana
Launi,Elanukane
Gelgea,Geaneaku
Nipeu,Vaimei-Lithino
Narrea,Agu-Ulathai
Kipeo,Nola-Kutha
Nalkia,Nulakakane
Paannio,Ganu-Mulane
Nithu,Anakalukane
Laula,Gathakolake
Pane,Egumutha
Keleo,Kulanakume
Mauvea,Nola-Kulane
Orenna,Thenaligano
Vukea,Thunukukane
Lovi,Egumiala
Vuthio,Elanatho
Maagia,Vuma-Thekali
Olane,Egena-Vakanu
Kaunnio,Kolakulane
Inagu,Veomelo
Thari,Egena-Vakanu
Gelthu,Elanageane
Vulea,Thenalanathi
Gauvi,Elanupine
Nileo,Nulakiala
Zokko,Thunukavea
Kaulai,Thunukamino
Zavi,Katho-Olukena
Maugia,Vunakekali
Lerea,Elanavone
Manlo,Nalakigano
Barram,Firepride
Bhelrak,Trollhorn
Rotkum,Bigbelt
Gramnam,Ironshield
Emgrun,Blackmane
Belgrun,Cutganehk
Hulman,Gafduram
Emkahm,Daebrenn
Krumrus,Dretgen
Bhargran,Brurtharark
Armmor,Keenforce
Hulthrum,Goblinrest
Dalrik,Madmight
Balnyl,Kindfists
Emgrum,Fireback
Regdal,Fakert
Ebren,Hakurirt
Kromryl,Drozzur
Galtharm,Rankerk
Daertharm,Doldiveg
Thuldar,Ironale
Amkuhm,Moltenbreaker
Malrom,Grayhandle
Gulnyl,Burrowhorn
Thodram,Burrowfound
Gulnar,Drordak
Berkohm,Glaharr
Galthrum,Gleldort
Horduhr,Rabrerem
Thaldram,Strarart
Khardal,Hammershaper
Thelkahm,Goldhammer
Tynom,Frostpast
Mormek,Smugboots
Bhelnom,Boldbrow
Guldren,Dronheln
Rangrom,Defduhk
Bennam,Hanherun
Armdor,Lumnehk
Harmar,Redert
Gimdor,Evenhorn
Bundram,Broodguard
Grenmin,Sternbleeder
Karkam,Lastale
Muirnir,Frosthammer
Bhelkyl,Camnihort
Belnar,Dungahk
Baermir,Dengur
Adkom,Fomnok
Addor,Cebrerr
Umdek,Loudbeard
Horgus,Deepbreaker
Brumnam,Giantheart
Bramryl,Fireblade
Armkyl,Darkhandle
Thorthrum,Hunharick
Gremrum,Dotgahr
Gernus,Grulbrum
Thelnik,Drodar
Adrim,Beldan
Vonkom,Kindpass
Torgus,Keenmight
Daerdar,Silverbraid
Urmmyr,Starkward
Thalmand,Stoutkind
Muirgrun,Cengoreck
Krommur,Strubrurr
Murrik,Stronherek
Guldrum,Hurdok
Malgus,Fetgenn
Guliggs,Halfaxe
Thurthrum,Keenanvil
Thodur,Bronzebelch
Magthran,Coldale
Kramnyl,Stonemask
Kharmir,Glangert
Rotmand,Gutganaln
Galrak,Rengon
Hjalmund,Tunherahk
Bromrigg,Strarohk
Kharrus,Firestrike
Hjulmus,Firebuster
Granrim,Steelgrace
Vonduhr,Moltenforce
Ermgrim,Wildfinder
Gimnam,Bruder
Grymyl,Fatgorack
Banthrun,Grathgim
Emmir,Marok
Dalmond,Mamnanahr
Regnyl,Steelward
Armnur,Trollhandle
Torrus,Frozenkind
Randrum,Sternpast
Bhelbek,Coldrock
Daergran,Refdark
Galgrom,Dotgig
Galrik,Bonkok
Dardek,Tuzzuln
Grytharm,Threfdukor
Jynnyss,Bigfound
Gwanwaen,Steelbranch
Branrielle,Bronzebelch
Brallemura,Giantbrow
Maevvian,Kindstand
Redsael,Celbregen
Lyssnis,Gruldart
Maermora,Glalbraln
Nalmyla,Glurehik
Bryllemyla,Dronhohr
Karnia,Burrowfront
Brylnip,Greatstone
Elros,Ironbraid
Gwinsael,Battlefound
Tishnys,Strongfury
Bretri,Rerdam
Tisnia,Banguvort
Gwannar,Corthum
Barvian,Hofden
Bronniss,Gunherk
Byltyn,Goldmantle
Raenmora,Sternkith
Karnar,Stoutale
Gwanniss,Stonemantle
Barra,Thunderfall
Reynmyla,Drutgeln
Raensyl,Menkek
Bryllerin,Toldom
Tysnar,Gafduhaln
Dimlyl,Rotgehk
Bellethel,Moltenbeard
Jenva,Mightforce
Brolryn,Stoutsong
Rynlin,Broodforge
Brallevia,Bloodstorm
Torgwyn,Gaetgam
Dearnyss,Fumnen
Nysgiel,Bardaln
Brandora,Gronhonuk
Eldish,Tathger
Lysnys,Graymane
Gwynnas,Darkmask
Tisnora,Trollpride
Jynwin,Deephand
Bellethiel,Firsteye
Soldille,Braelluneln
Gwynnyl,Lurdihk
Lessnan,Drurthehihk
Brultyn,Glekonar
Jinsael,Lehurk
Tazva,Bouldereyes
Bylthiel,Lightbeard
Reynmyla,Truebuster
Edgiel,Thunderboot
Raenros,Stoneeye
Gwynryn,Bofdem
Gwynla,Fehiver
Annora,Straenkerk
Nasrielle,Cordek
Barthiel,Grungigahr
Tasnura,Halfbelch
Bronnas,Gianttankard
Branwyn,Madkind
Daernia,Starkbottom
Misgiel,Coldfront
Jynvian,Culbren
Bronlin,Muthgonick
Brynras,Ferugik
Bretnyl,Throzzan
Gwynlen,Lefdock
Brilleryl,Broadheart
Anri,Lighttankard
Neslyl,Broodfall
Jindora,Braveanvil
Ryndora,Blackheart
Naertyn,Humnahenn
Myrdora,Drozzehem
Bralnera,Duthgaren
Brannis,Mongur
Bonnys,Grurthireg
Tyshnia,Grayhelm
Lesleen,Goldreach
Sollyl,Goldenbelt
Torthiel,Starkmask
Ketlen,Frozenpass
Lasdora,Gramnehk
Tysdeth,Gankeck
Ketniss,Brungohurt
Lasdielle,Lerthehk
Lysnas,Dolluvem
Tazmura,Hardbelch
Gwenri,Brawnaxe
Bonnwin,Lastbleeder
Rynnas,Grayblood
Nysglia,Bloodbreaker
Barmora,Rollevirt
Bralwyn,Glenhugonn
Mistma,Duderr
Jennbera,Thrunholn
Jennlinn,Glemnavork
Karrghed,Larbu
Xugar,Shuoth
Snubub,Bogudar
Largakh,Duszog
Hagob,Shamtwog
Ambilge,Gamtub
Woggugat,Ushh
Gurak,Gorr
Zinsbog,Dradum
Wudhagh,Orbuolg
Klapdud,Dushub
Baronk,Uftgrak
Buomaugh,Guraham
Pomgulg,Dumuu
Zoughat,Gambush
Vurbag,Ugrurump
Zilug,Crommog
Shat,Uzgubog
Olur,Logrgan
Dushnamub,Gruak
Zildud,Orkgdum
Karrghed,Durorag
Wilaktug,Burbbek
Oggugat,Khazol
Mudagog,Coblgash
Omaghed,Shurgakh
Yahg,Bagdgurz
Gunag,Bonkzag
Dretkag,Gurl
Pitgurat,Uzuzog
Xaakt,Borm
Smogulg,Shamrg
Targigoth,Basra
Klapdud,Logborgob
Oggha,Lumrku
Uggug,Bogrba
Baugh,Ghotn
Pahgorim,Durl
Vakgu,Gamn
Dumbuk,Snambak
Bagamul,Mogdrg
Wapkagut,Noloush
Snaglak,Dumzgub
Zarod,Mararga
Zunuguk,Lagsharzol
Krilge,Grulgk
Hanz,Larguk
Torug,Snaggub
Vrutha,Mogdbug
Speghat,Mogdrga
Durzol,Uftlslag
Opilge,Bargash
Smogulg,Gorturz
Feldgulg,Barahash
Xurl,Ulfiug
Hrolkug,Gamtub
Yamarz,Ugrga
Ug,Bolmilslag
Naguk,Lorrbush
Oghuglat,Lumbh
Supaugh,Loghra
Mauhul,Bagwog
Jregh,Gholgob
Ambilge,Oluamph
Graklak,Buzharz
Vakmu,Moghrkub
Eichelberbog,Lumozor
Korgulg,Yargrat
Drikdarok,Yargr
Wakgut,Orkbug
Epkagut,Ulashnar
Murzol,Ushlslag
Xnurl,Bulalslag
Purbag,Bulailslag
Ewkbanok,Luzdbuk
Bazur,Gaszgub
Yakha,Dragph
Trugagh,Markub
Zurgug,Tralfim
Xaakt,Murzgrak
Gul,Dulaur
Tarod,Orbgak
Cagan,Agufish
Snubub,Burz
Xagu,Bambug
Snubub,Luzgurn
Garekk,Guruok
Ghamorz,Borth
Yambagorn,Lardub
Pakgu,Agumtur
Buggug,Gharob
Vukgilug,Bolahug
Gorgo,Bulalslag
Xokuk,Batugrump
Dalthu,Kharan
Zurghed,Traigob
Koffutto,Ulfiad
Rarfu,Maga
Bulgan,Garlg
Baugh,Glukgob
Speghat,Lagharz
Yregh,Golzol
Ulgan,Garhnar
Smaghed,Golrgak
Fagdud,Durgzgub
Magra,Dugubu
Gharol,Durgilslag
Uluol,Burzrgakh
Bagrim,Shurbush
Borgur,Uzguug
Urogronk,Ogamph
Glan,Golhnikh
Umodub,Bumpkul
Yazmesh,Glorag
Ragbak,Agura
Durgak,Aglish
Bugda,Shazan
Burga,Durozor
Ghadbak,Golok
Rulfa,Dumharzol
Arobamph,Rugdborgob
Batudurash,Dulazag
Yatum,Uzuggarz
Yatub,Agamurz
Lazmesh,Bonuma
Yagnakh,Lurub
Uglaim,Lumrku
Rolzob,Durgrn
Shagk,Bagoul
Slorza,Rushhub
Ushuol,Durgrn
Bumpur,Muzgsharzol
Urzourash,Coblgash
Badbh,Ushazuf
Gulfpha,Maragul
Bagg,Ogdhnag
Voltph,Galahnar
Dulrol,Bugulg
Snaish,Agarg
Mogdtharz,Nolob
Mazgrz,Magugur
Ugakar,Orkrg
Homrg,Bongash
Ugoob,Golpzog
Ulotramph,Murggan
Batush,Cobgob
Rult,Ulffim
Shufz,Brourn
Garaamph,Bumgham
Mornum,Orkrg
Shelur,Durl
Batuash,Guraham
Lamfim,Murggan
Yatarz,Brourn
Urzpha,Dragb
Uglam,Rimla
Mogaha,Urgaug
Rogmbog,Ufthgham
Urzoronk,Orbukh
Bogdonk,Murzzor
Yazgbog,Mogarz
Orbudurz,Rugomakh
Mogahnakh,Naybgum
Bolat,Shazak
Glask,Barobug
Lamzug,Ushlslag
Slozob,Luzim
Bururn,Logrrn
Ogharn,Dulaol
Urzakh,Galadar
Bulronk,Murggan
Ulotrz,Dulaur
Borth,Marolam
Ghaksha,Duroush
Badakh,Gurr
Basug,Gashla
Mogdush,Batilslag
Glasdurash,Rusuma
Bulakh,Buglgul
Rogmth,Bumprba
Gloh,Marolam
Ushdurz,Lumur
Globrog,Yagak
Gharaz,Mulaok
Mazobul,Dragbek
Ushug,Gorz
Orbgar,Larbu
Ulotdbak,Bumplor
Lazak,Orkgdum
Bugdtharz,Rugonikh
Sloat,Crommog
Ugagdub,Kashharzol
Buruba,Badbhol
Gratb,Shuzam
Lazamph,Shakish
Ulumgol,Khagrz
Shaub,Azorish
Lazgh,Tralfim
Snaim,Shamrba
Durgz,Baguolg
Gopi,Kumar
Armaan,Acharya
Anuraaj,Karmakar
Agnivesh,Siddhant
Krish,Mishra
Viveka,Chuahan
Abhineet,Sahu
Debargho,Khatun
Sonas,Hazarika
Poumit,Kandali
Somrat,Rahaman
Sourov,Baruva
Sonu,Gazarika
Harry,Borbarua
Keshow,Hmar
Basudev,Borpuzari
Tonmoy,Adhikary
Sher,Deka
Shyam,Handique
Debu,Malik
Baidyanath,Chawdhuri
Prem,Shah
Bhairab,Guha
Abhishek,Pritam
Agha,Dhekial
Chayan,Gohain
Bhadraksh,Rabha
Parakh,Gazarika
Debesh,Dev
Ananyo,Kotoky
Amolak,Parashar
Divyans,Bezbaroa
Anand,Chakraborty
Aastha,Talukdar
Riyansh,Biswas
Aayan,Borpatrogohain
Sanjoy,Brahma
Avikam,Nath
Biswadeb,Adhikari
Anmay,Borah
Kapil,Daimary
Nimish,Bezborah
Chandragupt,Thapa
Bikromjit,Hussain
Harsha,Kandali
Suji,Baroova
Biswanath,Bora
Bhakti,Nampui
Madan,Basumatary
Rupam,Rabha
Dibakar,Bharali
Sibam,Mahato
Ambuj,Wahid
Amin,Bujarbarua
Harsh,Borboruah
Buddhipriya,Gohain
Babunaj,Agarawala
Suhail,Dev
Bhoumik,Medhi
Tonoy,Guha
Bhagwant,Malik
Aadarsh,Barthakur
Vimol,Dey
Sankar,Sharma
Binayak,Sahu
Suraj,Hoque
Birendra,Chutia
Ankur,Barbhuyan
Kesav,Taimur
Bhuban,Barua
Gaurav,Mahato
Harsha,Dutta
Ashrith,Borooah
Balaaditya,Wahid
Bhabatosh,Barbhuyan
Amarendra,Basumatary
Dayamoy,Borkakoti
Tathagato,Bhattacharya
Athulya,Konwar
Tamesh,Sahu
Rabilochan,Banerjee
Nayan,Phukan
Balwant,Baruah
Robin,Rajput
Anand,Shah
Probin,Nandy
Bidit,Parashar
Shre,Kakati
Anas,Sarma
Abhijit,Agarawala
Hitendra,Daimary
Harish,Singha
Awinash,Dvija
Reeyansh,Mannan
Sadhiq,Majhi
Devendu,Pathak
Smit,Barooah
Aagney,Pradhan
Dishu,Malik
Bidyasagar,Dewan
Nirmola,Thakore
Narjee,Barua
Panya,Rajkhowa
Sudhika,Hazarika
Shyamangi,Taimur
Margi,Upadhyaya
Deblina,Das
Paromita,Baruah
Banmala,Borbarua
Aarati,Borboruah
Eshitha,Shah
Poulambi,Brahma
Najwa,Kalita
Lakshya,Malik
Umber,Dey
Sikta,Dhekial
Bhani,Daimary
Mahi,Bujarbarua
Maharnav,Barooah
Rajitha,Arora
Simarani,Chuahan
Ranjita,Rahaman
Kailyn,Choudhuri
Viha,Chetia
Sunila,Chutia
Abanita,Aata
Niha,Phukan
Mangala,Agarwala
Vamdevi,Chakraborty
Menaha,Detta
Chandani,Sonowal
Namita,Ojah
Hemali,Acharya
Eila,Nayak
Muthu,Gogoi
Adhika,Shah
Darshna,Mannan
Hiranjali,Boruah
Debsmita,Hoque
Rijona,Borkakoti
Zeena,Dewan
Devika,Roy
Subiksha,Taimur
Vaasuki,Saraswati
Samita,Thakore
Susoma,Phookan
Urwashi,Barthakur
Maleah,Pathak
Sonjukta,Nath
Dhanam,Borboruah
Munjula,Guha
Tanay,Borphukan
Vatsala,Borpatragohain
Nipa,Chetia
Rajrupa,Pandey
Ananya,Bhattacharya
Chayana,Kagti
Linarani,Chuahan
Annu,Hmar
Dhanita,Dhekial
Sayoni,Boruah
Gemine,Pritam
Babina,Nandy
Suwarni,Vipra
Sadhana,Dev
Pranjali,Barthakur
Mondipa,Thakore
Vijiya,Choudhuri
Shakira,Phookan
Nidhi,Borbora
Dina,Barooah
Atreyee,Borpatragohain
Sawitri,Dev
Ananthi,Sarmah
Samrithi,Thakore
Sondhya,Neog
Savree,Duwara
Nancy,Miri
Sushmita,Shah
Sanju,Rajkhowa
Hitashri,Basumatary
Leelavati,Nandy
Krupa,Sarma
Moumon,Pathak
Srabonti,Borphukan
Debosree,Wahid
Sushrita,Chatterjee
Chandrabati,Biswas
Nirosha,Hussain
Shakshi,Brahma
Meghna,Dewan
Shrushti,Bora
Agastya,Bharali
Mita,Kandali
Menka,Nampui
Urmee,Borgohainn
Deepanti,Debnath
Holika,Pathak
Moromi,Chetri
Anasuya,Dhekial